
{
    "ispin": {
        "description": "turn spin polarization on (2) or off (1)",
        "default": 1,
        "allowed_values": [
            1,
            2
        ],
        "units": null,
        "type": "int",
        "long_description": "The default for ISPIN is the value in the param.inc file 6.12. Setting ISPIN=1 allows to do non spin polarized (paramagnetic) calculations, even if VASP was compiled for the spin polarized case. It is not possible to set ISPIN=2, if ISPIND is not 2. "
    },
    "encut": {
        "units": "eV",
        "type": "float",
        "description": "Cut-off energy for plane wave basis set in eV. All plane-waves with a kinetic energy smaller than $E_ {\\rm cut}$ are included in the basis set: i.e. $\\displaystyle \\vert {\\bf G}+ {\\bf k}\\vert < G_{\\rm cut}$ with $\\displaystyle \\qquad E_{\\rm cut}=\\frac{\\hbar^2}{2m}G_{\\rm cut}^2$   \n\nThe number of plane waves differs for each k-point, leading to a superior behaviour for e.g. energy-volume calculations. If the volume is increased the total number of plane waves changes    fairly smoothly. The criterion $ \\vert {\\bf G}\\vert < G_{\\rm cut}$ (i.e. same basis set for each k-point) would lead to a very rough energy-volume curve and, generally, slower energy convergence.   Starting from version VASP 3.2 the POTCAR files contains a default ENMAX (and ENMIN) line, therefore it is in principle not necessary to specify ENCUT in the INCAR file. For calculations with more than one species, the maximum cutoff (ENMAX or ENMIN) value is used for the calculation (see below, Sec. 6.11). For consistency reasons we still recommend to specify the cutoff manually in the INCAR file and keep in constant throughout a set of calculations. "
    }
}
