{"1":
{"username": "jkitchin", "calculator_name": "emt", "positions": [[0.0, 0.0, 0.0], [0.0, 0.0, 0.7]], "energy": 1.4194266131562547, "calculator_parameters": {}, "cell": [[1.0, 0.0, 0.0], [0.0, 1.0, 0.0], [0.0, 0.0, 1.0]], "numbers": [1, 1], "key_value_pairs": {"relaxed": false}, "timestamp": 14.233231928825166, "keywords": ["molecule"], "forces": [[0.0, 0.0, -9.802905732901463], [0.0, 0.0, 9.802905732901463]], "pbc": [false, false, false], "unique_id": "21f641aebd38782a007c374eaf92e59c"},
"2":
{"username": "jkitchin", "calculator_name": "emt", "positions": [[-3.702965473127192e-23, -6.231960264799225e-20, -0.039522607539543606], [-1.3557658146066068e-19, -7.351139353052839e-21, 0.7395226075395436]], "energy": 1.0705412623337183, "key_value_pairs": {"relaxed": true}, "calculator_parameters": {}, "cell": [[1.0, 0.0, 0.0], [0.0, 1.0, 0.0], [0.0, 0.0, 1.0]], "numbers": [1, 1], "pbc": [false, false, false], "timestamp": 14.233231936962127, "keywords": ["molecule"], "forces": [[1.6097884185706242e-23, -6.52854420866124e-24, -9.252634733303289e-05], [-1.6097884185706242e-23, 6.52854420866124e-24, 9.252634733303289e-05]], "unique_id": "6ffde200cc454a7a56beb4abd1053edb"},
"ids": [1, 2],
"nextid": 3}
